Lectura actual,Lectura anterior,Costo KW, Total a pagar 
456,340,1.2,169.82399999999998
95,63,1.3,50.752
23,9,1.4,23.911999999999995
94,67,1.5,49.41
120,90,1.7,62.22
78,6,1.5,131.76
234,120,1.6,222.528
890,567,1.9,748.7139999999999
1234,890,1.9,797.392
790,670,1.5,219.6
